{"background":"101.webp","icons":[{"x":0.007451653219780395,"y":0.01273540959484802,"sound":"4","width":0.9616809258023661,"height":0.03365172133341229,"icon_type":5,"icon_opacity":0.1}],"backgroundSize":{"width":704.4942263279446,"height":945}}