{"background":"102.webp","icons":[{"x":0.02874352395403031,"y":0.010619007478445902,"sound":"4","width":0.9616809258023661,"height":0.03365172133341229,"icon_type":5,"icon_opacity":0.1}],"backgroundSize":{"width":704.4942263279446,"height":945}}