{"background":"12.webp","icons":[{"x":0.29275912485330075,"y":0.10046881734218042,"sound":"015 02.mp3"},{"x":0.4304465556014502,"y":0.06481575046965483,"sound":"014 03.mp3"},{"x":0.6050398956222995,"y":0.3282435039647773,"sound":"015 02.mp3/10.000000/13.188000/This is your doll."},{"x":0.3580541951050005,"y":0.3334907241567755,"sound":"015 02.mp3/6.000000/8.709000/This is my bag."}],"backgroundSize":{"width":704.4942263279446,"height":945}}