{"background":"12.webp","icons":[{"x":0.29275912485330075,"y":0.10046881734218042,"sound":"015 02.mp3","width":0.05567308353668641,"height":0.020105820105820106,"icon_type":"1","icon_opacity":0.02},{"x":0.4315156025020527,"y":0.06481575046965482,"sound":"014 03.mp3","width":0.05567308353668641,"height":0.020105820105820106,"icon_type":"1","icon_opacity":0.02},{"x":0.5298086190279498,"y":0.1610477367690101,"sound":"015 02.mp3/10.000000/13.188000/This is your doll.","width":0.15755984343344936,"height":0.12804232804232804,"icon_type":"1","icon_opacity":0.02},{"x":0.29275912485330075,"y":0.16523675590280723,"sound":"015 02.mp3/6.000000/8.709000/This is my bag.","width":0.15755984343344936,"height":0.12804232804232804,"icon_type":"1","icon_opacity":0.02}],"backgroundSize":{"width":704.4942263279446,"height":945}}