{"background":"126.webp","icons":[{"x":0.01738785956243036,"y":0.01273540959484802,"sound":"3","width":0.9659666804890024,"height":0.039751453516772825,"icon_type":5,"icon_opacity":0.1}],"backgroundSize":{"width":1338.0530973451328,"height":945}}