{"background":"15.webp","icons":[{"x":0.4801275873147,"y":0.1447518432053439,"sound":"020.mp3","width":0.06125451733833627,"height":0.020105820105820106,"icon_type":"1","icon_opacity":0.1},{"x":0.020226775660330345,"y":0.011677208536646963,"sound":"3","width":0.9357936430276199,"height":0.03143087208133971,"icon_type":5,"icon_opacity":0.1}],"backgroundSize":{"width":704.4942263279446,"height":945}}