{"background":"15.webp","icons":[{"x":0.4801275873147,"y":0.1447518432053439,"sound":"020.mp3","width":0.06125451733833627,"height":0.020105820105820106,"icon_type":"1","icon_opacity":0.02}],"backgroundSize":{"width":704.4942263279446,"height":945}}