{"background":"15.webp","icons":[{"x":0.4801275873147,"y":0.1447518432053439,"sound":"020.mp3"}],"backgroundSize":{"width":704.4942263279446,"height":945}}