{"background":"16.webp","icons":[{"x":0.31972882778335066,"y":0.10385586959199587,"sound":"021 03.mp3"}],"backgroundSize":{"width":704.4942263279446,"height":945}}