{"background":"16.webp","icons":[{"x":0.31972882778335066,"y":0.10385586959199587,"sound":"021 03.mp3","width":0.06125451733833627,"height":0.020105820105820106,"icon_type":"1","icon_opacity":0.1},{"x":0.024485149807180327,"y":0.012735409594848021,"sound":"3","width":0.9357936430276199,"height":0.03143087208133971,"icon_type":5,"icon_opacity":0.1}],"backgroundSize":{"width":704.4942263279446,"height":945}}