{"background":"18.webp","icons":[{"x":0.28921047973092584,"y":0.10182828493283692,"sound":"025.mp3"},{"x":0.4254784524301253,"y":0.06590837782238343,"sound":"024.mp3"},{"x":0.23385161582187605,"y":0.359965940282857,"sound":"025.mp3/7.000000/9.164000/That is his pet."},{"x":0.5660047992761748,"y":0.3581968071169101,"sound":"025.mp3/11.000000/13.298000/That is her book."}],"backgroundSize":{"width":704.4942263279446,"height":945}}