{"background":"18.webp","icons":[{"x":0.28921047973092573,"y":0.10182828493283692,"sound":"025.mp3","width":0.0612588220877856,"height":0.0201058201058201,"icon_type":"1","icon_opacity":0.02},{"x":0.4267065937579996,"y":0.06590837782238344,"sound":"024.mp3","width":0.0612588220877856,"height":0.0201058201058201,"icon_type":"1","icon_opacity":0.02},{"x":0.2186273474475375,"y":0.1916183638131569,"sound":"025.mp3/7.000000/9.164000/That is his pet.","width":0.22813414414676447,"height":0.1239029802459896,"icon_type":"1","icon_opacity":0.02},{"x":0.5418740124440248,"y":0.18676823568833864,"sound":"025.mp3/11.000000/13.298000/That is her book.","width":0.22813414414676447,"height":0.1239029802459896,"icon_type":"1","icon_opacity":0.02}],"backgroundSize":{"width":704.4942263279446,"height":945}}