{"background":"22.webp","icons":[{"x":0.39908233072881416,"y":0.106857116329723,"sound":"031.mp3","width":0.06398096506127315,"height":0.020105820105820106,"icon_type":"1","icon_opacity":0.1},{"x":0.017387859562430354,"y":0.010619007478445902,"sound":"3","width":0.9659666804890022,"height":0.039751453516772825,"icon_type":5,"icon_opacity":0.1}],"backgroundSize":{"width":704.4942263279446,"height":945}}