{"background":"22.webp","icons":[{"x":0.39779902047560034,"y":0.106857116329723,"sound":"031.mp3"}],"backgroundSize":{"width":704.4942263279446,"height":945}}