{"background":"22.webp","icons":[{"x":0.39908233072881416,"y":0.106857116329723,"sound":"031.mp3","width":0.06398096506127315,"height":0.020105820105820106,"icon_type":"1","icon_opacity":0.02}],"backgroundSize":{"width":704.4942263279446,"height":945}}