{"background":"24.webp","icons":[{"x":0.28708129265750076,"y":0.09841868359991304,"sound":"035 02.mp3","width":0.06541356967614341,"height":0.020105820105820106,"icon_type":"1","icon_opacity":0.1},{"x":0.4233492653567002,"y":0.0636140940143078,"sound":"034 03.mp3","width":0.06541356967614341,"height":0.020105820105820106,"icon_type":"1","icon_opacity":0.1},{"x":0.01880731761138035,"y":0.013793610653049078,"sound":"3","width":0.9659666804890022,"height":0.039751453516772825,"icon_type":5,"icon_opacity":0.1}],"backgroundSize":{"width":704.4942263279446,"height":945}}