{"background":"25.webp","icons":[{"x":0.3083731633917507,"y":0.23667487168313936,"sound":"037.mp3","width":0.06541356967614341,"height":0.020105820105820106,"icon_type":"1","icon_opacity":0.02},{"x":0.43328547169935017,"y":0.06367961991305124,"sound":"036.mp3","width":0.06541356967614341,"height":0.020105820105820106,"icon_type":"1","icon_opacity":0.02},{"x":0.6121371858670495,"y":0.47467648912897653,"sound":"Unit 3_Track 37_My family.mp4","width":0.026969702930049893,"height":0.020105820105820106,"icon_type":"1","icon_opacity":0.02}],"backgroundSize":{"width":704.4942263279446,"height":945}}