{"background":"25.webp","icons":[{"x":0.3083731633917507,"y":0.23667487168313936,"sound":"037.mp3"},{"x":0.43328547169935017,"y":0.06367961991305124,"sound":"036.mp3"},{"x":0.6121371858670495,"y":0.47467648912897653,"sound":"Unit 3_Track 37_My family.mp4"}],"backgroundSize":{"width":704.4942263279446,"height":945}}