{"background":"25.webp","icons":[{"x":0.3083731633917507,"y":0.23667487168313936,"sound":"037.mp3","width":0.06541356967614341,"height":0.020105820105820106,"icon_type":"1","icon_opacity":0.1},{"x":0.43328547169935017,"y":0.06367961991305124,"sound":"036.mp3","width":0.06541356967614341,"height":0.020105820105820106,"icon_type":"1","icon_opacity":0.1},{"x":0.6121371858670495,"y":0.47467648912897653,"sound":"Unit 3_Track 37_My family.mp4","width":0.026969702930049893,"height":0.020105820105820106,"icon_type":"1","icon_opacity":0.1},{"x":0.011710027366630378,"y":0.00638620324564167,"sound":"3","width":0.9659666804890022,"height":0.039751453516772825,"icon_type":5,"icon_opacity":0.1}],"backgroundSize":{"width":704.4942263279446,"height":945}}