{"background":"26.webp","icons":[{"x":0.4276076395035502,"y":0.063951250893317,"sound":"038 02.mp3","width":0.06541356967614341,"height":0.020105820105820106,"icon_type":"1","icon_opacity":0.1},{"x":0.32114828583230065,"y":0.4706095335571751,"sound":"039 04.mp3","width":0.06541356967614341,"height":0.020105820105820106,"icon_type":"1","icon_opacity":0.1},{"x":0.013129485415580372,"y":0.010619007478445902,"sound":"3","width":0.9659666804890022,"height":0.039751453516772825,"icon_type":5,"icon_opacity":0.1}],"backgroundSize":{"width":704.4942263279446,"height":945}}