{"background":"26.webp","icons":[{"x":0.4276076395035502,"y":0.063951250893317,"sound":"038 02.mp3"},{"x":0.32114828583230065,"y":0.4706095335571751,"sound":"039 04.mp3"}],"backgroundSize":{"width":704.4942263279446,"height":945}}