{"background":"27.webp","icons":[{"x":0.3069537053428007,"y":0.14289718824614359,"sound":"040 02.mp3"}],"backgroundSize":{"width":704.4942263279446,"height":945}}