{"background":"29.webp","icons":[{"x":0.43612438779725016,"y":0.10066397498277224,"sound":"042 03.mp3"}],"backgroundSize":{"width":704.4942263279446,"height":945}}