{"background":"29.webp","icons":[{"x":0.43612438779725016,"y":0.10066397498277224,"sound":"042 03.mp3","width":0.06541356967614341,"height":0.020105820105820106,"icon_type":"1","icon_opacity":0.1},{"x":0.01031165444946173,"y":0.008479085089518357,"sound":"3","width":0.9659666804890022,"height":0.039751453516772825,"icon_type":5,"icon_opacity":0.1}],"backgroundSize":{"width":704.4942263279446,"height":945}}