{"background":"29.webp","icons":[{"x":0.43612438779725016,"y":0.10066397498277224,"sound":"042 03.mp3","width":0.06541356967614341,"height":0.020105820105820106,"icon_type":"1","icon_opacity":0.02}],"backgroundSize":{"width":704.4942263279446,"height":945}}