{"background":"30.webp","icons":[{"x":0.47444975511890003,"y":0.09858243839245805,"sound":"043.mp3","width":0.06541356967614341,"height":0.020105820105820106,"icon_type":"1","icon_opacity":0.02}],"backgroundSize":{"width":704.4942263279446,"height":945}}