{"background":"31.webp","icons":[{"x":0.3765071497413504,"y":0.11762218370014287,"sound":"044 05.mp3","width":0.06541356967614341,"height":0.020105820105820106,"icon_type":"1","icon_opacity":0.02},{"x":0.33250395022390056,"y":0.45827357205974706,"sound":"045 05.mp3","width":0.06541356967614341,"height":0.020105820105820106,"icon_type":"1","icon_opacity":0.02}],"backgroundSize":{"width":704.4942263279446,"height":945}}