{"background":"32.webp","icons":[{"x":0.3509569048602505,"y":0.33007228468453814,"sound":"047.mp3"},{"x":0.46877192292310005,"y":0.11397061124732147,"sound":"046.mp3"}],"backgroundSize":{"width":704.4942263279446,"height":945}}