{"background":"32.webp","icons":[{"x":0.3509569048602505,"y":0.33007228468453814,"sound":"047.mp3","width":0.06541356967614341,"height":0.020105820105820106,"icon_type":"1","icon_opacity":0.02},{"x":0.46877192292310005,"y":0.11397061124732147,"sound":"046.mp3","width":0.06541356967614341,"height":0.020105820105820106,"icon_type":"1","icon_opacity":0.02}],"backgroundSize":{"width":704.4942263279446,"height":945}}