{"background":"33.webp","icons":[{"x":0.32256774388125065,"y":0.347402175180931,"sound":"050.mp3"},{"x":0.43470492974830016,"y":0.13902904555239723,"sound":"048.mp3"},{"x":0.3296650341260006,"y":0.17620573624402697,"sound":"049.mp3"},{"x":0.39779902047560034,"y":0.3460391637239826,"sound":"Unit 04.mp4"}],"backgroundSize":{"width":704.4942263279446,"height":945}}