{"background":"34.webp","icons":[{"x":0.4247687234056502,"y":0.06207017445853891,"sound":"050.mp3","width":0.06541356967614341,"height":0.020105820105820106,"icon_type":"1","icon_opacity":0.02},{"x":0.28850075070645076,"y":0.09751857117417242,"sound":"051 02.mp3","width":0.06541356967614341,"height":0.020105820105820106,"icon_type":"1","icon_opacity":0.02}],"backgroundSize":{"width":704.4942263279446,"height":945}}