{"background":"34.webp","icons":[{"x":0.4247687234056502,"y":0.06207017445853891,"sound":"050.mp3"},{"x":0.28850075070645076,"y":0.09751857117417242,"sound":"051 02.mp3"}],"backgroundSize":{"width":704.4942263279446,"height":945}}