{"background":"35.webp","icons":[{"x":0.31972882778335066,"y":0.24488149135231435,"sound":"053.mp3","width":0.06541356967614341,"height":0.020105820105820106,"icon_type":"1","icon_opacity":0.1},{"x":0.44038276194410014,"y":0.06425622756003645,"sound":"052.mp3","width":0.06541356967614341,"height":0.020105820105820106,"icon_type":"1","icon_opacity":0.1},{"x":0.3548898170110561,"y":0.32230087287800363,"sound":"Unit 4_Track 53_Pets at home!.mp4","width":0.35388334477791306,"height":0.03841218192333021,"icon_type":"1","icon_opacity":0.1},{"x":0.017387859562430354,"y":0.01273540959484802,"sound":"3","width":0.9659666804890022,"height":0.039751453516772825,"icon_type":5,"icon_opacity":0.1}],"backgroundSize":{"width":704.4942263279446,"height":945}}