{"background":"35.webp","icons":[{"x":0.31972882778335066,"y":0.24488149135231435,"sound":"053.mp3"},{"x":0.44038276194410014,"y":0.06425622756003645,"sound":"052.mp3"},{"x":0.3452790726644505,"y":0.33394247198093036,"sound":"Unit 4_Track 53_Pets at home!.mp4"}],"backgroundSize":{"width":704.4942263279446,"height":945}}