{"background":"36.webp","icons":[{"x":0.31830936973440066,"y":0.47245845942581827,"sound":"055.mp3","width":0.06541356967614341,"height":0.020105820105820106,"icon_type":"1","icon_opacity":0.02},{"x":0.4205103492588002,"y":0.06361667058954276,"sound":"054.mp3","width":0.06541356967614341,"height":0.020105820105820106,"icon_type":"1","icon_opacity":0.02}],"backgroundSize":{"width":704.4942263279446,"height":945}}