{"background":"36.webp","icons":[{"x":0.31830936973440066,"y":0.47245845942581827,"sound":"055.mp3"},{"x":0.4205103492588002,"y":0.06361667058954276,"sound":"054.mp3"}],"backgroundSize":{"width":704.4942263279446,"height":945}}