{"background":"37.webp","icons":[{"x":0.49432216780419996,"y":0.15078211798944838,"sound":"056.mp3","width":0.06541356967614341,"height":0.020105820105820106,"icon_type":"1","icon_opacity":0.02}],"backgroundSize":{"width":704.4942263279446,"height":945}}