{"background":"37.webp","icons":[{"x":0.49432216780419996,"y":0.15078211798944838,"sound":"056.mp3"}],"backgroundSize":{"width":704.4942263279446,"height":945}}