{"background":"38.webp","icons":[{"x":0.4119936009651003,"y":0.10380793315596966,"sound":"057.mp3"}],"backgroundSize":{"width":704.4942263279446,"height":945}}