{"background":"40.webp","icons":[{"x":0.4247687234056502,"y":0.061300381400263226,"sound":" 060.mp3"},{"x":0.28708129265750076,"y":0.1014592824287156,"sound":"061 02.mp3"}],"backgroundSize":{"width":704.4942263279446,"height":945}}