{"background":"42.webp","icons":[{"x":0.31972882778335066,"y":0.4860461713887127,"sound":"065","width":0.05567308353668641,"height":0.020105820105820106,"icon_type":"1","icon_opacity":0.1},{"x":0.4233492653567002,"y":0.06526582473936766,"sound":"064.mp3","width":0.05567308353668641,"height":0.020105820105820106,"icon_type":"1","icon_opacity":0.1},{"x":0.017387859562430354,"y":0.01273540959484802,"sound":"3","width":0.9659666804890022,"height":0.039751453516772825,"icon_type":5,"icon_opacity":0.1}],"backgroundSize":{"width":704.4942263279446,"height":945}}