{"background":"42.webp","icons":[{"x":0.31972882778335066,"y":0.4860461713887127,"sound":"065","width":0.05567308353668641,"height":0.020105820105820106,"icon_type":"1","icon_opacity":0.02},{"x":0.4233492653567002,"y":0.06526582473936766,"sound":"064.mp3","width":0.05567308353668641,"height":0.020105820105820106,"icon_type":"1","icon_opacity":0.02}],"backgroundSize":{"width":704.4942263279446,"height":945}}