{"background":"43.webp","icons":[{"x":0.32540665997915064,"y":0.14094124261806612,"sound":"066","width":0.06541356967614341,"height":0.020105820105820106,"icon_type":"1","icon_opacity":0.02}],"backgroundSize":{"width":704.4942263279446,"height":945}}