{"background":"43.webp","icons":[{"x":0.32540665997915064,"y":0.14094124261806612,"sound":"066"}],"backgroundSize":{"width":704.4942263279446,"height":945}}