{"background":"44.webp","icons":[{"x":0.4105741429161503,"y":0.10509726362946162,"sound":"067"}],"backgroundSize":{"width":704.4942263279446,"height":945}}