{"background":"44.webp","icons":[{"x":0.4105741429161503,"y":0.10509726362946162,"sound":"067","width":0.06541356967614341,"height":0.020105820105820106,"icon_type":"1","icon_opacity":0.02}],"backgroundSize":{"width":704.4942263279446,"height":945}}