{"background":"45.webp","icons":[{"x":0.43186601365040017,"y":0.13876023460456566,"sound":"068","width":0.06541356967614341,"height":0.020105820105820106,"icon_type":"1","icon_opacity":0.02},{"x":0.3126315375386007,"y":0.34951281374999366,"sound":"070 05.mp3","width":0.06541356967614341,"height":0.020105820105820106,"icon_type":"1","icon_opacity":0.02},{"x":0.32682611802810063,"y":0.17417494036696654,"sound":"069","width":0.06541356967614341,"height":0.020105820105820106,"icon_type":"1","icon_opacity":0.02},{"x":0.3850238980350504,"y":0.3504409865941114,"sound":"Unit 06.mp4","width":0.06541356967614341,"height":0.020105820105820106,"icon_type":"1","icon_opacity":0.02}],"backgroundSize":{"width":704.4942263279446,"height":945}}