{"background":"45.webp","icons":[{"x":0.43186601365040017,"y":0.13876023460456566,"sound":"068"},{"x":0.3126315375386007,"y":0.34951281374999366,"sound":"070 05.mp3"},{"x":0.32682611802810063,"y":0.17417494036696654,"sound":"069"},{"x":0.3850238980350504,"y":0.3504409865941114,"sound":"Unit 06.mp4"}],"backgroundSize":{"width":704.4942263279446,"height":945}}