{"background":"46.webp","icons":[{"x":0.28850075070645076,"y":0.09929074141261855,"sound":"071 02.mp3","width":0.06541356967614341,"height":0.020105820105820106,"icon_type":"1","icon_opacity":0.02},{"x":0.4261881814546002,"y":0.06429742618527083,"sound":"070 05.mp3","width":0.06541356967614341,"height":0.020105820105820106,"icon_type":"1","icon_opacity":0.02}],"backgroundSize":{"width":704.4942263279446,"height":945}}