{"background":"47.webp","icons":[{"x":0.4460605941399001,"y":0.06750801202596177,"sound":"072","width":0.06541356967614341,"height":0.020105820105820106,"icon_type":"1","icon_opacity":0.02},{"x":0.32682611802810063,"y":0.2816397856617239,"sound":"073","width":0.06541356967614341,"height":0.020105820105820106,"icon_type":"1","icon_opacity":0.02},{"x":0.10681012044085147,"y":0.38179903274643,"sound":"Unit 6_Track 73_My new friend!.mp4","width":0.026969702930049893,"height":0.020105820105820106,"icon_type":"1","icon_opacity":0.02}],"backgroundSize":{"width":704.4942263279446,"height":945}}