{"background":"48.webp","icons":[{"x":0.4219298073077502,"y":0.06508808451494696,"sound":"074 02.mp3"},{"x":0.32256774388125065,"y":0.5125078483940204,"sound":"075 02.mp3"}],"backgroundSize":{"width":704.4942263279446,"height":945}}