{"background":"48.webp","icons":[{"x":0.4219298073077502,"y":0.06508808451494696,"sound":"074 02.mp3","width":0.06541356967614341,"height":0.020105820105820106,"icon_type":"1","icon_opacity":0.02},{"x":0.32256774388125065,"y":0.5125078483940204,"sound":"075 02.mp3","width":0.06541356967614341,"height":0.020105820105820106,"icon_type":"1","icon_opacity":0.02}],"backgroundSize":{"width":704.4942263279446,"height":945}}