{"background":"49.webp","icons":[{"x":0.3126315375386007,"y":0.14397047023683676,"sound":"076.mp3","width":0.06541356967614341,"height":0.020105820105820106,"icon_type":"1","icon_opacity":0.02}],"backgroundSize":{"width":704.4942263279446,"height":945}}