{"background":"49.webp","icons":[{"x":0.3126315375386007,"y":0.14397047023683676,"sound":"076.mp3"}],"backgroundSize":{"width":704.4942263279446,"height":945}}