{"background":"50.webp","icons":[{"x":0.3537958209581505,"y":0.10901232175374029,"sound":"077"}],"backgroundSize":{"width":704.4942263279446,"height":945}}