{"background":"50.webp","icons":[{"x":0.3537958209581505,"y":0.10901232175374029,"sound":"077","width":0.06541356967614341,"height":0.020105820105820106,"icon_type":"1","icon_opacity":0.02}],"backgroundSize":{"width":704.4942263279446,"height":945}}