{"background":"51.webp","icons":[{"x":0.5738118185453996,"y":0.698425082219102,"sound":"078"}],"backgroundSize":{"width":704.4942263279446,"height":945}}