{"background":"51.webp","icons":[{"x":0.5738118185453996,"y":0.698425082219102,"sound":"078","width":0.06541356967614341,"height":0.020105820105820106,"icon_type":"1","icon_opacity":0.1},{"x":0.011710027366630378,"y":0.009560806420244847,"sound":"3","width":0.9574288371001604,"height":0.059477307377413406,"icon_type":5,"icon_opacity":0.1}],"backgroundSize":{"width":704.4942263279446,"height":945}}