{"background":"53.webp","icons":[{"x":0.35947365315395047,"y":0.4895166137604527,"sound":"080","width":0.06541356967614341,"height":0.020105820105820106,"icon_type":"1","icon_opacity":0.02},{"x":0.3765071497413504,"y":0.12087919653818543,"sound":"079","width":0.06541356967614341,"height":0.020105820105820106,"icon_type":"1","icon_opacity":0.02}],"backgroundSize":{"width":704.4942263279446,"height":945}}