{"background":"53.webp","icons":[{"x":0.35947365315395047,"y":0.4895166137604527,"sound":"080"},{"x":0.3765071497413504,"y":0.12087919653818543,"sound":"079"}],"backgroundSize":{"width":704.4942263279446,"height":945}}