{"background":"54.webp","icons":[{"x":0.46309409072730007,"y":0.10814492216701037,"sound":"081"},{"x":0.3452790726644505,"y":0.3086815792006525,"sound":"082"}],"backgroundSize":{"width":704.4942263279446,"height":945}}