{"background":"54.webp","icons":[{"x":0.46309409072730007,"y":0.10814492216701037,"sound":"081","width":0.06541356967614341,"height":0.020105820105820106,"icon_type":"1","icon_opacity":0.02},{"x":0.3452790726644505,"y":0.3086815792006525,"sound":"082","width":0.06541356967614341,"height":0.020105820105820106,"icon_type":"1","icon_opacity":0.02}],"backgroundSize":{"width":704.4942263279446,"height":945}}