{"background":"55.webp","icons":[{"x":0.3140509955875507,"y":0.38546886057063595,"sound":"085"},{"x":0.32682611802810063,"y":0.18878927049791788,"sound":"084"},{"x":0.4304465556014502,"y":0.1411664395627212,"sound":"083"},{"x":0.38928227218190037,"y":0.3865378222856558,"sound":"Unit 07.mp4"}],"backgroundSize":{"width":704.4942263279446,"height":945}}