{"background":"56.webp","icons":[{"x":0.4304465556014502,"y":0.064415011525109,"sound":"085"},{"x":0.29701749900015073,"y":0.09892762791365378,"sound":"086"}],"backgroundSize":{"width":704.4942263279446,"height":945}}