{"background":"57.webp","icons":[{"x":0.3097926214407007,"y":0.2718546060040474,"sound":"088"},{"x":0.43186601365040017,"y":0.06828886602092231,"sound":"087"},{"x":0.28566183460855077,"y":0.4086697687923111,"sound":"Unit 7_Track 88_I'm wearing a hat!.mp4"}],"backgroundSize":{"width":704.4942263279446,"height":945}}