{"background":"57.webp","icons":[{"x":0.3097926214407007,"y":0.2718546060040474,"sound":"088","width":0.06541356967614341,"height":0.020105820105820106,"icon_type":"1","icon_opacity":0.02},{"x":0.43186601365040017,"y":0.06828886602092231,"sound":"087","width":0.06541356967614341,"height":0.020105820105820106,"icon_type":"1","icon_opacity":0.02},{"x":0.2886740818641243,"y":0.40945884161349283,"sound":"Unit 7_Track 88_I'm wearing a hat!.mp4","width":0.47971780117925056,"height":0.040507606010814885,"icon_type":"1","icon_opacity":0.02}],"backgroundSize":{"width":704.4942263279446,"height":945}}