{"background":"58.webp","icons":[{"x":0.32114828583230065,"y":0.23372886565300072,"sound":"090","width":0.06541356967614341,"height":0.020105820105820106,"icon_type":"1","icon_opacity":0.02},{"x":0.4219298073077502,"y":0.06439438257707154,"sound":"089","width":0.06541356967614341,"height":0.020105820105820106,"icon_type":"1","icon_opacity":0.02}],"backgroundSize":{"width":704.4942263279446,"height":945}}