{"background":"59.webp","icons":[{"x":0.3126315375386007,"y":0.1565437935476955,"sound":"091"}],"backgroundSize":{"width":704.4942263279446,"height":945}}