{"background":"6.webp","icons":[{"x":0.3055342472938507,"y":0.36966293793133875,"sound":"003","width":0.06259809995869405,"height":0.018095238095238098,"icon_type":"1","icon_opacity":0.1},{"x":0.42618818145460086,"y":0.0646096549025761,"sound":"002.mp3","width":0.06259809995869405,"height":0.018095238095238098,"icon_type":"1","icon_opacity":0.1},{"x":0.3637320273008001,"y":0.4221719031878385,"sound":"Unit Starter_Track 3_Hello, Hello song!.mp4","width":0.2853110678389464,"height":0.3544973544973544,"icon_type":"2","icon_opacity":0.1},{"x":0.023065691758230332,"y":0.00850260536204379,"sound":"3","width":0.9357936430276199,"height":0.03143087208133971,"icon_type":5,"icon_opacity":0.1}],"backgroundSize":{"width":704.4942263279446,"height":945}}