{"background":"60.webp","icons":[{"x":0.3424401565665505,"y":0.11151654746849506,"sound":"092","width":0.06541356967614341,"height":0.020105820105820106,"icon_type":"1","icon_opacity":0.02}],"backgroundSize":{"width":704.4942263279446,"height":945}}