{"background":"60.webp","icons":[{"x":0.3424401565665505,"y":0.11151654746849506,"sound":"092"}],"backgroundSize":{"width":704.4942263279446,"height":945}}