{"background":"61.webp","icons":[{"x":0.31972882778335066,"y":0.3575810200514499,"sound":"095"},{"x":0.43328547169935017,"y":0.14234019061155126,"sound":"093"},{"x":0.33108449217495056,"y":0.179105778947995,"sound":"094"},{"x":0.39212118827980036,"y":0.35617596088269204,"sound":"Unit 08.mp4"}],"backgroundSize":{"width":704.4942263279446,"height":945}}