{"background":"62.webp","icons":[{"x":0.2842423765596008,"y":0.0999930393288801,"sound":"096","width":0.06541356967614341,"height":0.020105820105820106,"icon_type":"1","icon_opacity":0.02},{"x":0.4219298073077502,"y":0.06500698965110084,"sound":"095","width":0.06541356967614341,"height":0.020105820105820106,"icon_type":"1","icon_opacity":0.02}],"backgroundSize":{"width":704.4942263279446,"height":945}}