{"background":"63.webp","icons":[{"x":0.3069537053428007,"y":0.2547261459331579,"sound":"098"},{"x":0.4290270975525002,"y":0.06645138305715763,"sound":"097"},{"x":0.34102069851760053,"y":0.36950090354236187,"sound":"Unit 8_Track 98_Getting ready for the party!.mp4"}],"backgroundSize":{"width":704.4942263279446,"height":945}}