{"background":"63.webp","icons":[{"x":0.3069537053428007,"y":0.2547261459331579,"sound":"098","width":0.06541356967614341,"height":0.020105820105820106,"icon_type":"1","icon_opacity":0.02},{"x":0.4290270975525002,"y":0.06645138305715763,"sound":"097","width":0.06541356967614341,"height":0.020105820105820106,"icon_type":"1","icon_opacity":0.02},{"x":0.3456020071549018,"y":0.370776688972057,"sound":"Unit 8_Track 98_Getting ready for the party!.mp4","width":0.3914474868858331,"height":0.06327419736428033,"icon_type":"1","icon_opacity":0.02}],"backgroundSize":{"width":704.4942263279446,"height":945}}