{"background":"64.webp","icons":[{"x":0.31688991168545066,"y":0.24029268197662906,"sound":"100"},{"x":0.4276076395035502,"y":0.06272833071081968,"sound":"099"},{"x":0.23456134484635097,"y":0.6851269791611974,"sound":"101"}],"backgroundSize":{"width":704.4942263279446,"height":945}}