{"background":"64.webp","icons":[{"x":0.31688991168545066,"y":0.24029268197662906,"sound":"100","width":0.06541356967614341,"height":0.020105820105820106,"icon_type":"1","icon_opacity":0.02},{"x":0.4276076395035502,"y":0.06272833071081968,"sound":"099","width":0.06541356967614341,"height":0.020105820105820106,"icon_type":"1","icon_opacity":0.02},{"x":0.23456134484635097,"y":0.6851269791611974,"sound":"101","width":0.026969702930049893,"height":0.020105820105820106,"icon_type":"1","icon_opacity":0.02}],"backgroundSize":{"width":704.4942263279446,"height":945}}