{"background":"65.webp","icons":[{"x":0.3112120794896507,"y":0.14689147692790125,"sound":"102"}],"backgroundSize":{"width":704.4942263279446,"height":945}}