{"background":"66.webp","icons":[{"x":0.3481179887623505,"y":0.1063477750224667,"sound":"103"}],"backgroundSize":{"width":704.4942263279446,"height":945}}