{"background":"67.webp","icons":[{"x":0.33108449217495056,"y":0.17421776522089383,"sound":"105"},{"x":0.31830936973440066,"y":0.3471831504169996,"sound":"106"},{"x":0.43470492974830016,"y":0.14019885634857368,"sound":"104"},{"x":0.39637956242665034,"y":0.3467012043281689,"sound":"Unit 09.mp4"}],"backgroundSize":{"width":704.4942263279446,"height":945}}