{"background":"68.webp","icons":[{"x":0.4247687234056502,"y":0.06451696659084107,"sound":"106"},{"x":0.29133966680435075,"y":0.10134129932707477,"sound":"107"}],"backgroundSize":{"width":704.4942263279446,"height":945}}