{"background":"69.webp","icons":[{"x":0.3055342472938507,"y":0.26185325845595886,"sound":"110","width":0.06541356967614341,"height":0.020105820105820106,"icon_type":"1","icon_opacity":0.02},{"x":0.4247687234056502,"y":0.06693853144920696,"sound":"109","width":0.06541356967614341,"height":0.020105820105820106,"icon_type":"1","icon_opacity":0.02},{"x":0.3451933486233507,"y":0.3448764318834945,"sound":"Unit 9_Track 110_She can run!.mp4","width":0.31946375715187675,"height":0.03225752364129297,"icon_type":"1","icon_opacity":0.02}],"backgroundSize":{"width":704.4942263279446,"height":945}}