{"background":"69.webp","icons":[{"x":0.3055342472938507,"y":0.26185325845595886,"sound":"110"},{"x":0.4247687234056502,"y":0.06693853144920696,"sound":"109"},{"x":0.34102069851760053,"y":0.3443297227205547,"sound":"Unit 9_Track 110_She can run!.mp4"}],"backgroundSize":{"width":704.4942263279446,"height":945}}