{"background":"70.webp","icons":[{"x":0.32114828583230065,"y":0.2507707346237668,"sound":"112","width":0.06541356967614341,"height":0.020105820105820106,"icon_type":"1","icon_opacity":0.02},{"x":0.4233492653567002,"y":0.06294417078606086,"sound":"111","width":0.06541356967614341,"height":0.020105820105820106,"icon_type":"1","icon_opacity":0.02}],"backgroundSize":{"width":704.4942263279446,"height":945}}