{"background":"70.webp","icons":[{"x":0.32114828583230065,"y":0.2507707346237668,"sound":"112"},{"x":0.4233492653567002,"y":0.06294417078606086,"sound":"111"}],"backgroundSize":{"width":704.4942263279446,"height":945}}