{"background":"71.webp","icons":[{"x":0.31972882778335066,"y":0.14300728238205015,"sound":"113"}],"backgroundSize":{"width":704.4942263279446,"height":945}}