{"background":"72.webp","icons":[{"x":0.39354064632875035,"y":0.10852025755449518,"sound":"114"}],"backgroundSize":{"width":704.4942263279446,"height":945}}