{"background":"72.webp","icons":[{"x":0.39354064632875035,"y":0.10852025755449518,"sound":"114","width":0.06541356967614341,"height":0.020105820105820106,"icon_type":"1","icon_opacity":0.02}],"backgroundSize":{"width":704.4942263279446,"height":945}}