{"background":"73.webp","icons":[{"x":0.6589793014823992,"y":0.09682147488754675,"sound":"115"}],"backgroundSize":{"width":704.4942263279446,"height":945}}