{"background":"73.webp","icons":[{"x":0.6589793014823992,"y":0.09682147488754675,"sound":"115","width":0.06541356967614341,"height":0.020105820105820106,"icon_type":"1","icon_opacity":0.02}],"backgroundSize":{"width":704.4942263279446,"height":945}}