{"background":"75.webp","icons":[{"x":0.3779266077903004,"y":0.11955407378608814,"sound":"116"},{"x":0.36657094339870044,"y":0.46818362049455703,"sound":"117"}],"backgroundSize":{"width":704.4942263279446,"height":945}}