{"background":"76.webp","icons":[{"x":0.4588357165804501,"y":0.11159579925388755,"sound":"118"},{"x":0.3424401565665505,"y":0.3285292625163796,"sound":"119"}],"backgroundSize":{"width":704.4942263279446,"height":945}}