{"background":"78.webp","icons":[{"x":0.4261881814546002,"y":0.06447901854729882,"sound":"122","width":0.06541356967614341,"height":0.020105820105820106,"icon_type":"1","icon_opacity":0.1},{"x":0.29133966680435075,"y":0.09896113902858666,"sound":"123","width":0.06541356967614341,"height":0.020105820105820106,"icon_type":"1","icon_opacity":0.1},{"x":0.3765071497413504,"y":0.41110940830985176,"sound":"124","width":0.06541356967614341,"height":0.020105820105820106,"icon_type":"1","icon_opacity":0.1},{"x":0.017387859562430354,"y":0.01273540959484802,"sound":"3","width":0.9659666804890022,"height":0.039751453516772825,"icon_type":5,"icon_opacity":0.1}],"backgroundSize":{"width":704.4942263279446,"height":945}}