{"background":"78.webp","icons":[{"x":0.4261881814546002,"y":0.06447901854729882,"sound":"122","width":0.06541356967614341,"height":0.020105820105820106,"icon_type":"1","icon_opacity":0.02},{"x":0.29133966680435075,"y":0.09896113902858666,"sound":"123","width":0.06541356967614341,"height":0.020105820105820106,"icon_type":"1","icon_opacity":0.02},{"x":0.3765071497413504,"y":0.41110940830985176,"sound":"124","width":0.06541356967614341,"height":0.020105820105820106,"icon_type":"1","icon_opacity":0.02}],"backgroundSize":{"width":704.4942263279446,"height":945}}