{"background":"78.webp","icons":[{"x":0.4261881814546002,"y":0.06447901854729882,"sound":"122"},{"x":0.29133966680435075,"y":0.09896113902858666,"sound":"123"},{"x":0.3765071497413504,"y":0.41110940830985176,"sound":"124"}],"backgroundSize":{"width":704.4942263279446,"height":945}}