{"background":"79.webp","icons":[{"x":0.43328547169935017,"y":0.06644776803135902,"sound":"125","width":0.06541356967614341,"height":0.020105820105820106,"icon_type":"1","icon_opacity":0.1},{"x":0.3126315375386007,"y":0.2446752660432813,"sound":"126","width":0.06541356967614341,"height":0.020105820105820106,"icon_type":"1","icon_opacity":0.1},{"x":0.2892580622658657,"y":0.3290424978968967,"sound":"Unit 10_Track 126_This is a great museum!.mp4","width":0.4023737978014405,"height":0.03008279377536146,"icon_type":"1","icon_opacity":0.1},{"x":0.017387859562430354,"y":0.01273540959484802,"sound":"3","width":0.9659666804890022,"height":0.039751453516772825,"icon_type":5,"icon_opacity":0.1}],"backgroundSize":{"width":704.4942263279446,"height":945}}