{"background":"80.webp","icons":[{"x":0.32114828583230065,"y":0.24673456440178962,"sound":"128"},{"x":0.4219298073077502,"y":0.06514646538000725,"sound":"127"}],"backgroundSize":{"width":704.4942263279446,"height":945}}