{"background":"80.webp","icons":[{"x":0.32114828583230065,"y":0.24673456440178962,"sound":"128","width":0.06541356967614341,"height":0.020105820105820106,"icon_type":"1","icon_opacity":0.02},{"x":0.4219298073077502,"y":0.06514646538000725,"sound":"127","width":0.06541356967614341,"height":0.020105820105820106,"icon_type":"1","icon_opacity":0.02}],"backgroundSize":{"width":704.4942263279446,"height":945}}