{"background":"81.webp","icons":[{"x":0.3140509955875507,"y":0.1447946185171903,"sound":"129"}],"backgroundSize":{"width":704.4942263279446,"height":945}}