{"background":"81.webp","icons":[{"x":0.3140509955875507,"y":0.1447946185171903,"sound":"129","width":0.06541356967614341,"height":0.020105820105820106,"icon_type":"1","icon_opacity":0.02}],"backgroundSize":{"width":704.4942263279446,"height":945}}