{"background":"82.webp","icons":[{"x":0.4545773424336001,"y":0.09963905290971871,"sound":"130"}],"backgroundSize":{"width":704.4942263279446,"height":945}}