{"background":"83.webp","icons":[{"x":0.3126315375386007,"y":0.3404524614090059,"sound":"133"},{"x":0.4261881814546002,"y":0.1362685917453154,"sound":"131"},{"x":0.32398720193020064,"y":0.1744165248851245,"sound":"133"},{"x":0.39354064632875035,"y":0.3417269078533398,"sound":"Unit 11.mp4"}],"backgroundSize":{"width":704.4942263279446,"height":945}}