{"background":"84.webp","icons":[{"x":0.29417858290225074,"y":0.09579341481945705,"sound":"134","width":0.06541356967614341,"height":0.020105820105820106,"icon_type":"1","icon_opacity":0.02},{"x":0.43328547169935017,"y":0.063492330337972,"sound":"133","width":0.06541356967614341,"height":0.020105820105820106,"icon_type":"1","icon_opacity":0.02}],"backgroundSize":{"width":704.4942263279446,"height":945}}