{"background":"85.webp","icons":[{"x":0.44038276194410014,"y":0.06450956868067947,"sound":"135"},{"x":0.25585321558060087,"y":0.43718421721924466,"sound":"Unit 11_Track 136_There are ten in the bed!.mp4"}],"backgroundSize":{"width":704.4942263279446,"height":945}}