{"background":"85.webp","icons":[{"x":0.44038276194410014,"y":0.06450956868067947,"sound":"135","width":0.06541356967614341,"height":0.020105820105820106,"icon_type":"1","icon_opacity":0.1},{"x":0.1762125577700954,"y":0.47644902310031273,"sound":"Unit 11_Track 136_There are ten in the bed!.mp4","width":0.35795593674815157,"height":0.022110855494593448,"icon_type":"1","icon_opacity":0.1},{"x":0.31547045363650067,"y":0.37776754679782004,"sound":"136","width":0.06541356967614341,"height":0.020105820105820106,"icon_type":"1","icon_opacity":0.1},{"x":0.017387859562430354,"y":0.01273540959484802,"sound":"3","width":0.9659666804890022,"height":0.039751453516772825,"icon_type":5,"icon_opacity":0.1}],"backgroundSize":{"width":704.4942263279446,"height":945}}