{"background":"86.webp","icons":[{"x":0.31547045363650067,"y":0.3845725588885192,"sound":"138","width":0.06541356967614341,"height":0.020105820105820106,"icon_type":"1","icon_opacity":0.02},{"x":0.4176714331609002,"y":0.06581491163030363,"sound":"137","width":0.06541356967614341,"height":0.020105820105820106,"icon_type":"1","icon_opacity":0.02}],"backgroundSize":{"width":704.4942263279446,"height":945}}