{"background":"87.webp","icons":[{"x":0.31830936973440066,"y":0.14549999414262044,"sound":"139"}],"backgroundSize":{"width":704.4942263279446,"height":945}}