{"background":"87.webp","icons":[{"x":0.31830936973440066,"y":0.14549999414262044,"sound":"139","width":0.06541356967614341,"height":0.020105820105820106,"icon_type":"1","icon_opacity":0.02}],"backgroundSize":{"width":704.4942263279446,"height":945}}