{"background":"88.webp","icons":[{"x":0.38928227218190037,"y":0.10704590616873619,"sound":"140","width":0.06541356967614341,"height":0.020105820105820106,"icon_type":"1","icon_opacity":0.02}],"backgroundSize":{"width":704.4942263279446,"height":945}}