{"background":"88.webp","icons":[{"x":0.38928227218190037,"y":0.10704590616873619,"sound":"140"}],"backgroundSize":{"width":704.4942263279446,"height":945}}