{"background":"89.webp","icons":[{"x":0.33250395022390056,"y":0.18761122344102824,"sound":"142","width":0.06541356967614341,"height":0.020105820105820106,"icon_type":"1","icon_opacity":0.02},{"x":0.31972882778335066,"y":0.3937723721346577,"sound":"143","width":0.06541356967614341,"height":0.020105820105820106,"icon_type":"1","icon_opacity":0.02},{"x":0.43754384584620015,"y":0.13836077698125787,"sound":"141","width":0.06541356967614341,"height":0.020105820105820106,"icon_type":"1","icon_opacity":0.02},{"x":0.4020573946224503,"y":0.39382670385073953,"sound":"Unit 12.mp4","width":0.06541356967614341,"height":0.020105820105820106,"icon_type":"1","icon_opacity":0.02}],"backgroundSize":{"width":704.4942263279446,"height":945}}