{"background":"90.webp","icons":[{"x":0.4162519751119503,"y":0.06390883228084092,"sound":"143","width":0.06541356967614341,"height":0.020105820105820106,"icon_type":"1","icon_opacity":0.02},{"x":0.2799840024127508,"y":0.0985241172335123,"sound":"144","width":0.06541356967614341,"height":0.020105820105820106,"icon_type":"1","icon_opacity":0.02}],"backgroundSize":{"width":704.4942263279446,"height":945}}