{"background":"91.webp","icons":[{"x":0.4290270975525002,"y":0.0643738818751104,"sound":"145","width":0.06541356967614341,"height":0.020105820105820106,"icon_type":"1","icon_opacity":0.1},{"x":0.3055342472938507,"y":0.2318157799177635,"sound":"146","width":0.06541356967614341,"height":0.020105820105820106,"icon_type":"1","icon_opacity":0.1},{"x":0.3263775404098128,"y":0.3199177366874413,"sound":"Unit 12_Track 146_What's in the classroom.mp4","width":0.3240911757528518,"height":0.05500937240518612,"icon_type":"1","icon_opacity":0.1},{"x":0.017387859562430354,"y":0.01273540959484802,"sound":"3","width":0.9659666804890022,"height":0.039751453516772825,"icon_type":5,"icon_opacity":0.1}],"backgroundSize":{"width":704.4942263279446,"height":945}}