{"background":"91.webp","icons":[{"x":0.4290270975525002,"y":0.0643738818751104,"sound":"145"},{"x":0.3055342472938507,"y":0.2318157799177635,"sound":"146"},{"x":0.32256774388125065,"y":0.31880427423400015,"sound":"Unit 12_Track 146_What's in the classroom.mp4"}],"backgroundSize":{"width":704.4942263279446,"height":945}}