{"background":"92.webp","icons":[{"x":0.4190908912098502,"y":0.06323901110595835,"sound":"147"},{"x":0.3140509955875507,"y":0.2615176209000325,"sound":"148"}],"backgroundSize":{"width":704.4942263279446,"height":945}}