{"background":"92.webp","icons":[{"x":0.4190908912098502,"y":0.06323901110595835,"sound":"147","width":0.06541356967614341,"height":0.020105820105820106,"icon_type":"1","icon_opacity":0.02},{"x":0.3140509955875507,"y":0.2615176209000325,"sound":"148","width":0.06541356967614341,"height":0.020105820105820106,"icon_type":"1","icon_opacity":0.02}],"backgroundSize":{"width":704.4942263279446,"height":945}}