{"background":"93.webp","icons":[{"x":0.31972882778335066,"y":0.144549838059568,"sound":"149","width":0.06541356967614341,"height":0.020105820105820106,"icon_type":"1","icon_opacity":0.02}],"backgroundSize":{"width":704.4942263279446,"height":945}}