{"background":"93.webp","icons":[{"x":0.31972882778335066,"y":0.144549838059568,"sound":"149"}],"backgroundSize":{"width":704.4942263279446,"height":945}}