{"background":"94.webp","icons":[{"x":0.3438596146155005,"y":0.10670978057654758,"sound":"150"}],"backgroundSize":{"width":704.4942263279446,"height":945}}