{"background":"95.webp","icons":[{"x":0.34102069851760053,"y":0.5957792506148866,"sound":"151"}],"backgroundSize":{"width":704.4942263279446,"height":945}}