{"background":"95.webp","icons":[{"x":0.34102069851760053,"y":0.5957792506148866,"sound":"151","width":0.06541356967614341,"height":0.020105820105820106,"icon_type":"1","icon_opacity":0.02}],"backgroundSize":{"width":704.4942263279446,"height":945}}