{"background":"97.webp","icons":[{"x":0.3779266077903004,"y":0.11965626486569256,"sound":"152","width":0.06541356967614341,"height":0.020105820105820106,"icon_type":"1","icon_opacity":0.02},{"x":0.36089311120290046,"y":0.4877133654675713,"sound":"153","width":0.06541356967614341,"height":0.020105820105820106,"icon_type":"1","icon_opacity":0.02}],"backgroundSize":{"width":704.4942263279446,"height":945}}