{"background":"97.webp","icons":[{"x":0.3779266077903004,"y":0.11965626486569256,"sound":"152"},{"x":0.36089311120290046,"y":0.4877133654675713,"sound":"153"}],"backgroundSize":{"width":704.4942263279446,"height":945}}