{"background":"98.webp","icons":[{"x":0.46309409072730007,"y":0.1119486163945551,"sound":"154","width":0.06541356967614341,"height":0.020105820105820106,"icon_type":"1","icon_opacity":0.02},{"x":0.3424401565665505,"y":0.33812860370469866,"sound":"155","width":0.06541356967614341,"height":0.020105820105820106,"icon_type":"1","icon_opacity":0.02}],"backgroundSize":{"width":704.4942263279446,"height":945}}