{
  "background" : "15.webp",
  "icons" : [ {
    "x" : 0.41785018100807575,
    "y" : 0.09344358414131992,
    "sound" : " 03"
  } ],
  "backgroundSize" : {
    "width" : 718.2,
    "height" : 945
  }
}