{
  "background" : "18.webp",
  "icons" : [ {
    "x" : 0.33152325257588416,
    "y" : 0.6373589280566638,
    "sound" : " 04"
  } ],
  "backgroundSize" : {
    "width" : 718.2,
    "height" : 945
  }
}