{
  "background" : "20.webp",
  "icons" : [ {
    "x" : 0.4094959621275411,
    "y" : 0.6574647481624839,
    "sound" : " 05"
  } ],
  "backgroundSize" : {
    "width" : 718.2,
    "height" : 945
  }
}