{
  "background" : "24.webp",
  "icons" : [ {
    "x" : 0.6406293511556669,
    "y" : 0.34847003916777497,
    "sound" : " 06"
  }, {
    "x" : 0.3315256463348756,
    "y" : 0.677508765971609,
    "sound" : "07"
  } ],
  "backgroundSize" : {
    "width" : 718.2,
    "height" : 945
  }
}