{
  "background" : "26.webp",
  "icons" : [ {
    "x" : 0.40810598607311005,
    "y" : 0.7187786072414504,
    "sound" : "09"
  }, {
    "x" : 0.5013923698134224,
    "y" : 0.4193695100672459,
    "sound" : " 08"
  } ],
  "backgroundSize" : {
    "width" : 718.2,
    "height" : 945
  }
}