{
  "background" : "27.webp",
  "icons" : [ {
    "x" : 0.3329156223893066,
    "y" : 0.48603617673391253,
    "sound" : " 10"
  } ],
  "backgroundSize" : {
    "width" : 718.2,
    "height" : 945
  }
}