{
  "background" : "34.webp",
  "icons" : [ {
    "x" : 0.3329156223893066,
    "y" : 0.6775705682683041,
    "sound" : " 14"
  } ],
  "backgroundSize" : {
    "width" : 718.2,
    "height" : 945
  }
}