{"background":"10.webp","icons":[{"x":0.5406374007936507,"y":0.8204277111254469,"sound":"ocpd_04_my_body_activity"},{"x":0.4607638888888888,"y":0.1157196417782915,"sound":"ocpd_04_my_body_activity.mp3"}],"backgroundSize":{"width":713.6283185840708,"height":945}}