{"background":"11.webp","icons":[{"x":0.4747767857142856,"y":0.06698855768629347,"sound":"ocpd_05_my_day"}],"backgroundSize":{"width":713.6283185840708,"height":945}}