{"background":"12.webp","icons":[{"x":0.3430555555555555,"y":0.821485912183648,"sound":"ocpd_05_my_day_activity"},{"x":0.06560019841269835,"y":0.03921665103592694,"sound":"ocpd_05_my_day.mp3"}],"backgroundSize":{"width":713.6283185840708,"height":945}}