{"background":"13.webp","icons":[{"x":0.4579613095238094,"y":0.05323194392967972,"sound":"ocpd_06_clothes"},{"x":0.17910466269841263,"y":0.8074749189300827,"sound":"ocpd_06_clothes_activity.mp3"}],"backgroundSize":{"width":713.6283185840708,"height":945}}