{"background":"15.webp","icons":[{"x":0.1258556547619047,"y":0.11989861059634639,"sound":"ocpd_07_homes_and_people"},{"x":0.07260664682539676,"y":0.8038715580443084,"sound":"ocpd_07_homes_and_people_activity.mp3"}],"backgroundSize":{"width":713.6283185840708,"height":945}}