{"background":"16.webp","icons":[{"x":0.06139632936507931,"y":0.7770414677392036,"sound":"ocpd_07_homes_and_people_activity"},{"x":0.07681051587301581,"y":0.07299844212287859,"sound":"ocpd_07_homes_and_people"}],"backgroundSize":{"width":713.6283185840708,"height":945}}