{"background":"17.webp","icons":[{"x":0.055791170634920575,"y":0.08603617673391252,"sound":"ocpd_08_the_hall"},{"x":0.3192336309523809,"y":0.8140899459841263,"sound":"ocpd_08_the_hall_activity"}],"backgroundSize":{"width":713.6283185840708,"height":945}}