{"background":"18.webp","icons":[{"x":0.06279761904761899,"y":0.08709437779211358,"sound":"ocpd_09_the_living_room"},{"x":0.32063492063492055,"y":0.8017817763857987,"sound":"ocpd_09_the_living_room_activity"}],"backgroundSize":{"width":713.6283185840708,"height":945}}