{"background":"19.webp","icons":[{"x":0.06560019841269835,"y":0.08074517144290723,"sound":"ocpd_10_the_kitchen"},{"x":0.029166666666666605,"y":0.8469653994769862,"sound":"ocpd_10_the_kitchen_activity"}],"backgroundSize":{"width":713.6283185840708,"height":945}}