{"background":"20.webp","icons":[{"x":0.06840277777777772,"y":0.08709437779211358,"sound":"ocpd_11_the_dining_room"},{"x":0.24356398809523802,"y":0.8034634102832151,"sound":"ocpd_11_the_dining_room_activity"}],"backgroundSize":{"width":713.6283185840708,"height":945}}