{"background":"21.webp","icons":[{"x":0.12865823412698407,"y":0.07968697038470618,"sound":"ocpd_12_my_bedroom"},{"x":0.25757688492063485,"y":0.8149628677386939,"sound":"ocpd_12_my_bedroom_activity"}],"backgroundSize":{"width":713.6283185840708,"height":945}}