{"background":"22.webp","icons":[{"x":0.10623759920634915,"y":0.07862876932650512,"sound":"ocpd_13_the_bathroom"},{"x":0.3108258928571428,"y":0.8008991743951489,"sound":"ocpd_13_the_bathroom_activity"}],"backgroundSize":{"width":713.6283185840708,"height":945}}