{"background":"23.webp","icons":[{"x":0.35566716269841264,"y":0.015136705834441624,"sound":"ocpd_14_toys"},{"x":0.0137524801587301,"y":0.8134340020756483,"sound":"ocpd_14_toys_activity"}],"backgroundSize":{"width":713.6283185840708,"height":945}}