{"background":"24.webp","icons":[{"x":0.05719246031746025,"y":0.020427711125446914,"sound":"ocpd_14_toys"},{"x":0.005344742063492004,"y":0.8283915166447593,"sound":"ocpd_14_toys_activity"}],"backgroundSize":{"width":713.6283185840708,"height":945}}