{"background":"25.webp","icons":[{"x":0.4551587301587301,"y":0.040533531231267024,"sound":"ocpd_15_feelings"},{"x":0.09082341269841264,"y":0.8850032878714897,"sound":"ocpd_15_feelings_activity.mp3"}],"backgroundSize":{"width":713.6283185840708,"height":945}}