{"background":"26.webp","icons":[{"x":-0.01427331349206355,"y":0.8373589280566639,"sound":"ocpd_15_feelings_activity"},{"x":0.050186011904761844,"y":0.045745118853697794,"sound":"ocpd_15_feelings"}],"backgroundSize":{"width":713.6283185840708,"height":945}}