{"background":"27.webp","icons":[{"x":0.6611483134920634,"y":0.056406547104282896,"sound":"ocpd_16_magic_friends"},{"x":0.07260664682539676,"y":0.8403538189559278,"sound":"ocpd_16_magic_friends_activity.mp3"}],"backgroundSize":{"width":713.6283185840708,"height":945}}