{"background":"28.webp","icons":[{"x":0.003943452380952322,"y":0.8521737428714786,"sound":"ocpd_16_magic_friends_activity"},{"x":0.0375744047619047,"y":0.05931638146535548,"sound":"ocpd_16_magic_friends"}],"backgroundSize":{"width":713.6283185840708,"height":945}}