{"background":"30.webp","icons":[{"x":0.49999999999999994,"y":0.17598326668100248,"sound":"x"},{"x":0.05719246031746025,"y":0.8745370854852788,"sound":"ocpd_17_busy_friends_activity.mp3"},{"x":0.050186011904761844,"y":0.03275027046910871,"sound":"ocpd_17_busy_friends"}],"backgroundSize":{"width":713.6283185840708,"height":945}}