{"background":"31.webp","icons":[{"x":0.49999999999999994,"y":0.17598326668100248,"sound":"x"},{"x":0.047383432539682475,"y":0.10024958043988098,"sound":"ocpd_18_in_the_cafe.mp3"},{"x":0.04317956349206343,"y":0.8498495088970012,"sound":"ocpd_18_in_the_cafe_activity.mp3"}],"backgroundSize":{"width":713.6283185840708,"height":945}}