{"background":"32.webp","icons":[{"x":0.49999999999999994,"y":0.17598326668100248,"sound":"x"},{"x":0.002542162698412639,"y":0.9017411271581491,"sound":"ocpd_18_in_the_cafe_activity.mp3"},{"x":0.015153769841269782,"y":0.057455713589229074,"sound":"ocpd_18_in_the_cafe"}],"backgroundSize":{"width":713.6283185840708,"height":945}}