{"background":"33.webp","icons":[{"x":0.08241567460317455,"y":0.08603617673391252,"sound":"ocpd_19_fruit_and_vegetables"},{"x":0.06419890873015867,"y":0.8501496218197846,"sound":"ocpd_19_fruit_and_vegetables_activity.mp3"}],"backgroundSize":{"width":713.6283185840708,"height":945}}