{"background":"34.webp","icons":[{"x":0.02075892857142851,"y":0.07757056826830405,"sound":"ocpd_19_fruit_and_vegetables"},{"x":0.331845238095238,"y":0.7984705391340784,"sound":"ocpd_19_fruit_and_vegetables_activity.mp3"}],"backgroundSize":{"width":713.6283185840708,"height":945}}