{"background":"35.webp","icons":[{"x":0.016555059523809465,"y":0.025718716416452205,"sound":"ocpd_20_in_town"},{"x":0.10623759920634915,"y":0.8822383250206365,"sound":"ocpd_20_in_town_activity.mp3"}],"backgroundSize":{"width":713.6283185840708,"height":945}}