{"background":"36.webp","icons":[{"x":0.03897569444444438,"y":0.04159173228946808,"sound":"ocpd_20_in_town"},{"x":-0.0072668650793651385,"y":0.8528960092493265,"sound":"ocpd_20_in_town_activity.mp3"}],"backgroundSize":{"width":713.6283185840708,"height":945}}