{"background":"37.webp","icons":[{"x":0.09923115079365073,"y":0.08709437779211358,"sound":"ocpd_21_transport"},{"x":0.04878472222222216,"y":0.8520753494064791,"sound":"ocpd_21_transport_activity.mp3"}],"backgroundSize":{"width":713.6283185840708,"height":945}}