{
    "background": "4.webp",
    "icons": [
        {
            "x": 0.2673859126984126,
            "y": 0.05852294922068501,
            "sound": "ocpd_01_the_alphabet"
        },
        {
            "x": 0.5672619047619046,
            "y": 0.8068398846501187,
            "sound": "ocpd_01_the_alphabet_a_activity.mp3"
        }
    ],
    "backgroundSize": {
        "width": 713.6283185840708,
        "height": 945
    }
}