{"background":"40.webp","icons":[{"x":0.03617311507936502,"y":0.045824536522272315,"sound":"ocpd_22_people_at_work_activity.mp3"}],"backgroundSize":{"width":713.6283185840708,"height":945}}