{"background":"41.webp","icons":[{"x":0.093625992063492,"y":0.10085099154872734,"sound":"ocpd_23_people_who_help_us.mp3"},{"x":0.08942212301587295,"y":0.8438392255981318,"sound":"ocpd_23_people_who_help_us_a_activity.mp3"}],"backgroundSize":{"width":713.6283185840708,"height":945}}