{"background":"42.webp","icons":[{"x":0.04878472222222216,"y":0.059581150278886066,"sound":"ocpd_23_people_who_help_us"},{"x":0.04177827380952375,"y":0.8574786794370132,"sound":"ocpd_23_people_who_help_us_a_activity.mp3"}],"backgroundSize":{"width":713.6283185840708,"height":945}}