{"background":"44.webp","icons":[{"x":0.026364087301587243,"y":0.04476633546407125,"sound":"ocpd_24_my_classroom"},{"x":0.026364087301587243,"y":0.8843942505490416,"sound":"ocpd_24_my_classroom_activity.mp3"}],"backgroundSize":{"width":713.6283185840708,"height":945}}