{"background":"45.webp","icons":[{"x":0.08802083333333327,"y":0.08815257885031463,"sound":"ocpd_25_in_class"},{"x":0.09222470238095232,"y":0.8594357454837803,"sound":"ocpd_25_in_class_activity.mp3"}],"backgroundSize":{"width":713.6283185840708,"height":945}}