{"background":"46.webp","icons":[{"x":0.49999999999999994,"y":0.17598326668100248,"sound":"x"},{"x":0.08661954365079359,"y":0.8668999340177451,"sound":"ocpd_25_in_class_activity.mp3"},{"x":0.03897569444444438,"y":0.10347379983675264,"sound":"ocpd_25_in_class"}],"backgroundSize":{"width":713.6283185840708,"height":945}}