{"background":"47.webp","icons":[{"x":0.05719246031746025,"y":0.8461081600950099,"sound":"ocpd_26_maths_and_science_activity"},{"x":0.10763888888888883,"y":0.08421697538417568,"sound":"ocpd_26_maths_and_science"}],"backgroundSize":{"width":713.6283185840708,"height":945}}