{"background":"48.webp","icons":[{"x":0.050186011904761844,"y":0.06033533509153684,"sound":"ocpd_26_maths_and_science"},{"x":0.04317956349206343,"y":0.8633245759993493,"sound":"ocpd_26_maths_and_science_activity"}],"backgroundSize":{"width":713.6283185840708,"height":945}}