{"background":"49.webp","icons":[{"x":0.07120535714285708,"y":0.09450178519952099,"sound":"ocpd_27_our_world"},{"x":0.06139632936507931,"y":0.8091466903166226,"sound":"ocpd_27_our_world_activity"}],"backgroundSize":{"width":713.6283185840708,"height":945}}