{
  "background": "5.webp",
  "icons": [
    {
      "x": 0.49999999999999994,
      "y": 0.17598326668100248,
      "sound": "ocpd_02_numbers"
    }
  ],
  "backgroundSize": {
    "width": 713.6283185840708,
    "height": 945
  }
}