{"background":"50.webp","icons":[{"x":0.005344742063492004,"y":0.05005734075507654,"sound":"ocpd_27_our_world"},{"x":-0.012872023809523868,"y":0.8419701127609907,"sound":"ocpd_27_our_world_activity"}],"backgroundSize":{"width":713.6283185840708,"height":945}}