{"background":"51.webp","icons":[{"x":0.0782118055555555,"y":0.10403915432723175,"sound":"ocpd_28_music"},{"x":0.024962797619047558,"y":0.861438346619152,"sound":"ocpd_28_music"}],"backgroundSize":{"width":713.6283185840708,"height":945}}