{"background":"54.webp","icons":[{"x":0.03056795634920629,"y":0.054290144987880776,"sound":"ocpd_30_on_the_farm"},{"x":0.05158730158730153,"y":0.8769414486169381,"sound":"ocpd_30_on_the_farm_activity"}],"backgroundSize":{"width":713.6283185840708,"height":945}}