{"background":"56.webp","icons":[{"x":0.02075892857142851,"y":0.054290144987880776,"sound":"ocpd_31_at_the_zoo"},{"x":0.015153769841269782,"y":0.8402005905301587,"sound":"ocpd_31_at_the_zoo_activity"}],"backgroundSize":{"width":713.6283185840708,"height":945}}