{"background":"57.webp","icons":[{"x":0.04177827380952375,"y":0.07757056826830405,"sound":"x"},{"x":0.009548611111111051,"y":0.8520377830299307,"sound":"ocpd_32_sports_and_games_1_activity"}],"backgroundSize":{"width":713.6283185840708,"height":945}}