{"background":"59.webp","icons":[{"x":0.029166666666666605,"y":0.10296739366512946,"sound":"ocpd_33_sports_and_games_2"},{"x":-0.00026041666666672586,"y":0.8614428307727067,"sound":"ocpd_33_sports_and_games_2_activity"}],"backgroundSize":{"width":713.6283185840708,"height":945}}