{"background":"6.webp","icons":[{"x":0.17069692460317454,"y":0.08709437779211358,"sound":"ocpd_02_numbers"}],"backgroundSize":{"width":713.6283185840708,"height":945}}