{"background":"61.webp","icons":[{"x":0.08942212301587295,"y":0.08815257885031463,"sound":"ocpd_34_in_the_park"},{"x":0.06419890873015867,"y":0.8724172526858954,"sound":"ocpd_34_in_the_park_activity"}],"backgroundSize":{"width":713.6283185840708,"height":945}}