{"background":"62.webp","icons":[{"x":0.034771825396825336,"y":0.025718716416452205,"sound":"ocpd_34_in_the_park"},{"x":0.04878472222222216,"y":0.8521520773687679,"sound":"ocpd_34_in_the_park_activity"}],"backgroundSize":{"width":713.6283185840708,"height":945}}