{"background":"63.webp","icons":[{"x":0.029166666666666605,"y":0.07333776403549983,"sound":"ocpd_35_at_the_playground"},{"x":0.03056795634920629,"y":0.8803982795897642,"sound":"ocpd_35_at_the_playground_activity"}],"backgroundSize":{"width":713.6283185840708,"height":945}}