{"background":"65.webp","icons":[{"x":0.0137524801587301,"y":0.08709437779211358,"sound":"ocpd_36_on_holiday"},{"x":0.04037698412698407,"y":0.8464830800008465,"sound":"ocpd_36_on_holiday_activity"}],"backgroundSize":{"width":713.6283185840708,"height":945}}