{"background":"68.webp","icons":[{"x":0.06840277777777772,"y":0.10296739366512946,"sound":"ocpd_38_the_seasons"},{"x":-0.01987847222222228,"y":0.8489673851906625,"sound":"ocpd_38_the_seasons_activity"}],"backgroundSize":{"width":713.6283185840708,"height":945}}