{"background":"7.webp","icons":[{"x":0.5532490079365079,"y":0.048999139696875485,"sound":"ocpd_03_my_family"},{"x":0.05719246031746025,"y":0.7895109530726843,"sound":"ocpd_03_my_family_activity.mp3"}],"backgroundSize":{"width":713.6283185840708,"height":945}}