{"background":"8.webp","icons":[{"x":0.07681051587301581,"y":0.7093166000143358,"sound":"ocpd_03_my_family_activity"},{"x":0.16088789682539675,"y":0.09708345474264657,"sound":"ocpd_03_my_family.mp3"}],"backgroundSize":{"width":713.6283185840708,"height":945}}