{"background":"9.webp","icons":[{"x":0.44815228174603167,"y":0.05217374287147866,"sound":"ocpd_04_my_body.mp3"}],"backgroundSize":{"width":713.6283185840708,"height":945}}