{"background":"10.webp","icons":[{"x":0.3533675530652067,"y":0.16578025621963746,"sound":"001","width":0.04546367384764452,"height":0.020105820105820103,"icon_type":"1","icon_opacity":0.1}],"backgroundSize":{"width":820.4180064308681,"height":945}}