{"background":"10.webp","icons":[{"x":0.35251420732902206,"y":0.16578025621963757,"sound":"001"}],"backgroundSize":{"width":820.4180064308681,"height":945}}