{"background":"11.webp","icons":[{"x":0.24159514011365854,"y":0.12099085467200354,"sound":"002"},{"x":0.6462669018224573,"y":0.6886788923292307,"sound":"003"}],"backgroundSize":{"width":820.4180064308681,"height":945}}