{"background":"11.webp","icons":[{"x":0.24252795397075186,"y":0.12099085467200354,"sound":"002","width":0.0478220016947046,"height":0.020105820105820106,"icon_type":"1","icon_opacity":0.1},{"x":0.6462669018224573,"y":0.6886788923292307,"sound":"003","width":0.0478220016947046,"height":0.020105820105820106,"icon_type":"1","icon_opacity":0.1}],"backgroundSize":{"width":820.4180064308681,"height":945}}