{"background":"20.webp","icons":[{"x":0.354951989026063,"y":0.6560229799517037,"sound":"004"}],"backgroundSize":{"width":820.4180064308681,"height":945}}