{"background":"20.webp","icons":[{"x":0.354951989026063,"y":0.6560229799517037,"sound":"004","width":0.0478220016947046,"height":0.020105820105820106,"icon_type":"1","icon_opacity":0.1}],"backgroundSize":{"width":820.4180064308681,"height":945}}