{"background":"23.webp","icons":[{"x":0.3500764256319811,"y":0.47615866437704324,"sound":"005","width":0.0478220016947046,"height":0.020105820105820106,"icon_type":"1","icon_opacity":0.1}],"backgroundSize":{"width":820.4180064308681,"height":945}}