{"background":"23.webp","icons":[{"x":0.3500764256319811,"y":0.47615866437704324,"sound":"005"}],"backgroundSize":{"width":820.4180064308681,"height":945}}