{"background":"31.webp","icons":[{"x":0.35738977072310396,"y":0.0896472228749182,"sound":"006","width":0.0478220016947046,"height":0.020105820105820106,"icon_type":"1","icon_opacity":0.1}],"backgroundSize":{"width":820.4180064308681,"height":945}}