{"background":"31.webp","icons":[{"x":0.35738977072310396,"y":0.0896472228749182,"sound":"006"}],"backgroundSize":{"width":820.4180064308681,"height":945}}