{"background":"32.webp","icons":[{"x":0.3671408975112678,"y":0.09556763400029691,"sound":"007"}],"backgroundSize":{"width":820.4180064308681,"height":945}}