{"background":"32.webp","icons":[{"x":0.3671408975112678,"y":0.09556763400029691,"sound":"007","width":0.0478220016947046,"height":0.020105820105820106,"icon_type":"1","icon_opacity":0.1}],"backgroundSize":{"width":820.4180064308681,"height":945}}