{"background":"36.webp","icons":[{"x":0.5609445424260239,"y":0.1650136922895861,"sound":"008"}],"backgroundSize":{"width":820.4180064308681,"height":945}}