{"background":"36.webp","icons":[{"x":0.5609445424260239,"y":0.1650136922895861,"sound":"008","width":0.0478220016947046,"height":0.020105820105820106,"icon_type":"1","icon_opacity":0.1}],"backgroundSize":{"width":820.4180064308681,"height":945}}