{"background":"38.webp","icons":[{"x":0.5024377816970409,"y":0.09727196706987798,"sound":"009"}],"backgroundSize":{"width":820.4180064308681,"height":945}}