{"background":"43.webp","icons":[{"x":0.42199098569468935,"y":0.09149363468222849,"sound":"010","width":0.0478220016947046,"height":0.020105820105820106,"icon_type":"1","icon_opacity":0.1}],"backgroundSize":{"width":820.4180064308681,"height":945}}