{"background":"43.webp","icons":[{"x":0.42199098569468935,"y":0.09149363468222849,"sound":"010"}],"backgroundSize":{"width":820.4180064308681,"height":945}}