{"background":"51.webp","icons":[{"x":0.3598275524201449,"y":0.5627551577749614,"sound":"011","width":0.0478220016947046,"height":0.020105820105820106,"icon_type":"1","icon_opacity":0.1}],"backgroundSize":{"width":820.4180064308681,"height":945}}