{"background":"51.webp","icons":[{"x":0.3598275524201449,"y":0.5627551577749614,"sound":"011"}],"backgroundSize":{"width":820.4180064308681,"height":945}}