{"background":"56.webp","icons":[{"x":0.4878110915147951,"y":0.5940457708245561,"sound":"012","width":0.0478220016947046,"height":0.020105820105820106,"icon_type":"1","icon_opacity":0.1},{"x":0.01738785956243029,"y":0.01273540959484802,"sound":"3","width":0.9659666804890022,"height":0.039751453516772825,"icon_type":5,"icon_opacity":0.1}],"backgroundSize":{"width":820.4180064308681,"height":945}}