{"background":"56.webp","icons":[{"x":0.4878110915147951,"y":0.5940457708245561,"sound":"012"}],"backgroundSize":{"width":820.4180064308681,"height":945}}