{"background":"58.webp","icons":[{"x":0.36226533411718587,"y":0.2843090215326995,"sound":"013","width":0.0478220016947046,"height":0.020105820105820106,"icon_type":"1","icon_opacity":0.1}],"backgroundSize":{"width":820.4180064308681,"height":945}}