{"background":"58.webp","icons":[{"x":0.36226533411718587,"y":0.2843090215326995,"sound":"013"}],"backgroundSize":{"width":820.4180064308681,"height":945}}