{"background":"59.webp","icons":[{"x":0.347442223578646,"y":0.5509354166202567,"sound":"014","width":0.05141742375872934,"height":0.020105820105820103,"icon_type":"1","icon_opacity":0.1}],"backgroundSize":{"width":820.4180064308681,"height":945}}