{"background":"59.webp","icons":[{"x":0.34276308054085824,"y":0.5509354166202568,"sound":"014"}],"backgroundSize":{"width":820.4180064308681,"height":945}}