{"background":"63.webp","icons":[{"x":0.6572369194591416,"y":0.09299456063883925,"sound":"015"}],"backgroundSize":{"width":820.4180064308681,"height":945}}