{"background":"64.webp","icons":[{"x":0.4865922006662747,"y":0.09624127246883538,"sound":"016","width":0.05141742375872934,"height":0.020105820105820103,"icon_type":"1","icon_opacity":0.1},{"x":0.01738785956243029,"y":0.01273540959484802,"sound":"3","width":0.9659666804890022,"height":0.039751453516772825,"icon_type":5,"icon_opacity":0.1}],"backgroundSize":{"width":820.4180064308681,"height":945}}