{"background":"64.webp","icons":[{"x":0.4865922006662747,"y":0.09624127246883538,"sound":"016"}],"backgroundSize":{"width":820.4180064308681,"height":945}}