{"background":"64.webp","icons":[{"x":0.4865922006662747,"y":0.09624127246883538,"sound":"016","width":0.05141742375872934,"height":0.020105820105820103,"icon_type":"1","icon_opacity":0.1}],"backgroundSize":{"width":820.4180064308681,"height":945}}