{"background":"65.webp","icons":[{"x":0.3598275524201449,"y":0.6415970354026174,"sound":"017"}],"backgroundSize":{"width":820.4180064308681,"height":945}}