{"background":"65.webp","icons":[{"x":0.3598275524201449,"y":0.6415970354026174,"sound":"017","width":0.05141742375872934,"height":0.020105820105820103,"icon_type":"1","icon_opacity":0.1}],"backgroundSize":{"width":820.4180064308681,"height":945}}