{"background":"72.webp","icons":[{"x":0.3561708798745835,"y":0.0922729736486274,"sound":"018","width":0.05141742375872934,"height":0.020105820105820103,"icon_type":"1","icon_opacity":0.1}],"backgroundSize":{"width":820.4180064308681,"height":945}}