{"background":"72.webp","icons":[{"x":0.3561708798745835,"y":0.0922729736486274,"sound":"018"}],"backgroundSize":{"width":820.4180064308681,"height":945}}