{"background":"76.webp","icons":[{"x":0.35738977072310396,"y":0.5656959836412904,"sound":"019","width":0.02345679012345679,"height":0.020364415862808145,"icon_type":"1","icon_opacity":0.1},{"x":0.01738785956243029,"y":0.01273540959484802,"sound":"3","width":0.9659666804890022,"height":0.039751453516772825,"icon_type":5,"icon_opacity":0.1}],"backgroundSize":{"width":820.4180064308681,"height":945}}