{"background":"76.webp","icons":[{"x":0.35738977072310396,"y":0.5656959836412904,"sound":"019"}],"backgroundSize":{"width":820.4180064308681,"height":945}}