{"background":"85.webp","icons":[{"x":0.35738977072310396,"y":0.7472856156901448,"sound":"020"}],"backgroundSize":{"width":820.4180064308681,"height":945}}