{"background":"85.webp","icons":[{"x":0.35738977072310396,"y":0.7472856156901448,"sound":"020","width":0.05141742375872934,"height":0.020105820105820103,"icon_type":"1","icon_opacity":0.1}],"backgroundSize":{"width":820.4180064308681,"height":945}}