{"background":"97.webp","icons":[{"x":0.017387859562430396,"y":0.01273540959484802,"sound":"3","width":0.9659666804890022,"height":0.039751453516772825,"icon_type":5,"icon_opacity":0.1}],"backgroundSize":{"width":872.8050171037628,"height":945}}