{"background":"19.webp","icons":[{"x":0.5180241001687795,"y":0.08968189681798878,"sound":"36"},{"x":0.30725656692528774,"y":0.12317086642823004,"sound":"37"},{"x":0.7380897803247374,"y":0.3446243553874627,"sound":"36/22.28/23.77"},{"x":0.35658919664650324,"y":0.3403073005938233,"sound":"36/6.6/8.06"}],"backgroundSize":{"width":718.2164634146341,"height":945}}