{"background":"21.webp","icons":[{"x":0.424603949241073,"y":0.0925448380370944,"sound":"40"},{"x":0.16847099562568413,"y":0.18344483903096975,"sound":"40"}],"backgroundSize":{"width":718.2164634146341,"height":945}}