{"background":"25.webp","icons":[{"x":0.5162216901519017,"y":0.08831203380429016,"sound":"47"},{"x":0.3018493368746539,"y":0.12317086642823004,"sound":"48"},{"x":0.36355088612968267,"y":0.3458120720009251,"sound":"47/6.73/8.23"},{"x":0.729735752944922,"y":0.3513280287944603,"sound":"47/28.19/29.78"}],"backgroundSize":{"width":718.2164634146341,"height":945}}