{"background":"31.webp","icons":[{"x":0.34679514856537275,"y":0.09105175983168742,"sound":"58"},{"x":0.3126637969759216,"y":0.4450886746474081,"sound":"59"},{"x":0.27861827443489334,"y":0.4077215946426599,"sound":"58/5.61/9.167736"},{"x":0.7018889950122043,"y":0.4061404791956893,"sound":"58/12.58/15.04"}],"backgroundSize":{"width":718.2164634146341,"height":945}}