{"background":"33.webp","icons":[{"x":0.5180241001687795,"y":0.0855723077768929,"sound":"62"},{"x":0.3054541569084097,"y":0.12317086642823004,"sound":"63"},{"x":0.2869723018147087,"y":0.33835612074082316,"sound":"62/6.19/7.48"},{"x":0.7213817255651067,"y":0.33914936157389847,"sound":"62/40.2/41.3"}],"backgroundSize":{"width":718.2164634146341,"height":945}}