{"background":"39.webp","icons":[{"x":0.5144192801350237,"y":0.08968189681798878,"sound":"74"},{"x":0.30725656692528774,"y":0.12043114040083278,"sound":"75"},{"x":0.26887190915844206,"y":0.3465089804015055,"sound":"74/6.83/8.02"},{"x":0.7255587392550144,"y":0.3525457945132791,"sound":"74/70.95236/73.428116"}],"backgroundSize":{"width":718.2164634146341,"height":945}}