{"background":"10.webp","icons":[{"x":0.05813492063492061,"y":0.8804232804232804,"sound":"28.mp3"},{"x":0.056111111111111084,"y":0.9386243386243386,"sound":"29.mp3"},{"x":0.05543650793650791,"y":0.8356137571398945,"sound":"27.mp3"}],"backgroundSize":{"width":1482.3529411764705,"height":945}}