{"background":"11.webp","icons":[{"x":0.8410145502645503,"y":0.926984126984127,"sound":"32.mp3"},{"x":0.8423624338624339,"y":0.8698412698412699,"sound":"31.mp3"},{"x":0.8389927248677249,"y":0.8277991795985277,"sound":"30.mp3"}],"backgroundSize":{"width":1483.8076545632973,"height":945}}