{"background":"12.webp","icons":[{"x":0.8544933862433863,"y":0.8412698412698413,"sound":"33.mp3"},{"x":0.8551673280423281,"y":0.8878306878306879,"sound":"34.mp3"},{"x":0.8554394841269842,"y":0.9396825396825397,"sound":"35.mp3"}],"backgroundSize":{"width":1483.8076545632973,"height":945}}