{"background":"13.webp","icons":[{"x":0.8642007275132276,"y":0.9343915343915344,"sound":"38.mp3"},{"x":0.8652764550264551,"y":0.8359788359788359,"sound":"36.mp3"},{"x":0.8639285714285715,"y":0.8814814814814815,"sound":"37.mp3"}],"backgroundSize":{"width":1483.8076545632973,"height":945}}