{"background":"14.webp","icons":[{"x":0.5769923941798943,"y":0.8835978835978836,"sound":"39.mp3"},{"x":0.8020502645502647,"y":0.9396825396825397,"sound":"40.mp3"},{"x":0.8013750000000001,"y":0.8857142857142857,"sound":"41.mp3"}],"backgroundSize":{"width":1486.725663716814,"height":945}}