{"background":"15.webp","icons":[{"x":0.8375519179894181,"y":0.9312169312169312,"sound":"44.mp3"},{"x":0.8377341269841273,"y":0.8761904761904762,"sound":"43.mp3"},{"x":0.8363855820105822,"y":0.8317460317460318,"sound":"42.mp3"}],"backgroundSize":{"width":1485.2652259332024,"height":945}}