{"background":"16.webp","icons":[{"x":0.05577943121693132,"y":0.9333333333333333,"sound":"47.mp3"},{"x":0.05461375661375703,"y":0.8783068783068783,"sound":"46.mp3"},{"x":0.05461309523809542,"y":0.834920634920635,"sound":"45.mp3"}],"backgroundSize":{"width":1483.8076545632973,"height":945}}