{"background":"17.webp","icons":[{"x":0.04770006613756623,"y":0.9407407407407408,"sound":"50.mp3"},{"x":0.049227513227513627,"y":0.8867724867724868,"sound":"49.mp3"},{"x":0.04788029100529119,"y":0.8391534391534392,"sound":"48.mp3"}],"backgroundSize":{"width":1485.2652259332024,"height":945}}