{"background":"18.webp","icons":[{"x":0.8390079365079368,"y":0.8412698412698413,"sound":"51.mp3"},{"x":0.8403551587301589,"y":0.8888888888888888,"sound":"52.mp3"},{"x":0.8399540343915346,"y":0.9386243386243386,"sound":"53.mp3"}],"backgroundSize":{"width":1485.2652259332024,"height":945}}