{"background":"19.webp","icons":[{"x":0.04097387566137574,"y":0.9439153439153439,"sound":"56.mp3"},{"x":0.0418287037037041,"y":0.891005291005291,"sound":"55.mp3"},{"x":0.039808862433862606,"y":0.8423280423280424,"sound":"54.mp3"}],"backgroundSize":{"width":1486.725663716814,"height":945}}