{"background":"20.webp","icons":[{"x":0.8518082010582012,"y":0.8402116402116402,"sound":"57.mp3"},{"x":0.8524821428571431,"y":0.8846560846560847,"sound":"58.mp3"},{"x":0.8514117063492066,"y":0.9417989417989417,"sound":"59.mp3"}],"backgroundSize":{"width":1489.6551724137933,"height":945}}