{"background":"21.webp","icons":[{"x":0.8652341269841272,"y":0.8359788359788359,"sound":"60.mp3"},{"x":0.8632228835978838,"y":0.8835978835978836,"sound":"61.mp3"},{"x":0.8641663359788362,"y":0.9386243386243386,"sound":"62.mp3"}],"backgroundSize":{"width":1489.6551724137933,"height":945}}