{"background":"22.webp","icons":[{"x":0.8491071428571432,"y":0.837037037037037,"sound":"63.mp3"},{"x":0.8491078042328044,"y":0.8846560846560847,"sound":"64.mp3"},{"x":0.8507265211640214,"y":0.9396825396825397,"sound":"65.mp3"}],"backgroundSize":{"width":1485.2652259332024,"height":945}}