{"background":"23.webp","icons":[{"x":0.04935449735449739,"y":0.8359788359788359,"sound":"66.mp3"},{"x":0.050028439153439186,"y":0.8793650793650793,"sound":"67.mp3"},{"x":0.04894742063492073,"y":0.9322751322751323,"sound":"68.mp3"}],"backgroundSize":{"width":1478.0058651026393,"height":945}}