{"background":"24.webp","icons":[{"x":0.05059656084656107,"y":0.8317460317460318,"sound":"69.mp3"},{"x":0.04957539682539683,"y":0.873015873015873,"sound":"70.mp3"},{"x":0.04957539682539683,"y":0.928042328042328,"sound":"71.mp3"}],"backgroundSize":{"width":1485.2652259332024,"height":945}}