{"background":"25.webp","icons":[{"x":0.8390079365079368,"y":0.8433862433862434,"sound":"72.mp3"},{"x":0.839008597883598,"y":0.8888888888888888,"sound":"73.mp3"},{"x":0.8399540343915346,"y":0.9428571428571428,"sound":"74.mp3"}],"backgroundSize":{"width":1485.2652259332024,"height":945}}