{"background":"26.webp","icons":[{"x":0.04620899470899471,"y":0.8338624338624339,"sound":"75.mp3"},{"x":0.044189153439153445,"y":0.8772486772486773,"sound":"76.mp3"},{"x":0.046882275132275136,"y":0.9301587301587302,"sound":"77.mp3"}],"backgroundSize":{"width":1485.2652259332024,"height":945}}