{"background":"27.webp","icons":[{"x":0.8423624338624339,"y":0.801058201058201,"sound":"78.mp3"},{"x":0.8437103174603175,"y":0.8476190476190476,"sound":"79.mp3"},{"x":0.8419606481481483,"y":0.9322751322751323,"sound":"80.mp3"}],"backgroundSize":{"width":1483.8076545632973,"height":945}}