{"background":"28.webp","icons":[{"x":0.04821759259259264,"y":0.8211640211640212,"sound":"81.mp3"},{"x":0.04821759259259264,"y":0.8634920634920635,"sound":"82.mp3"},{"x":0.04956018518518523,"y":0.9365079365079365,"sound":"83.mp3"}],"backgroundSize":{"width":1489.6551724137933,"height":945}}