{"background":"29.webp","icons":[{"x":0.8541455026455027,"y":0.042328042328042326,"sound":"84.mp3"},{"x":0.9699497354497355,"y":0.06984126984126984,"sound":"85.mp3"},{"x":0.8561653439153439,"y":0.09206349206349207,"sound":"86.mp3"}],"backgroundSize":{"width":1485.2652259332024,"height":945}}