{"background":"3.webp","icons":[{"x":0.8645595238095237,"y":0.8949549486470835,"sound":"07.mp3"},{"x":0.8618690476190476,"y":0.8423537458914143,"sound":"06.mp3"},{"x":0.8632142857142856,"y":0.9415055459849875,"sound":"08.mp3"}],"backgroundSize":{"width":1486.725663716814,"height":945}}