{"background":"30.webp","icons":[{"x":0.04531746031746029,"y":0.8941798941798942,"sound":"87.mp3"},{"x":0.20249999999999999,"y":0.8931216931216931,"sound":"88.mp3"},{"x":0.3522619047619048,"y":0.8962962962962963,"sound":"89.mp3"}],"backgroundSize":{"width":1482.3529411764705,"height":945}}