{"background":"31.webp","icons":[{"x":0.7237486772486773,"y":0.044444444444444446,"sound":"90.mp3"},{"x":0.8578630952380953,"y":0.0455026455026455,"sound":"91.mp3"}],"backgroundSize":{"width":1483.8076545632973,"height":945}}