{"background":"32.webp","icons":[{"x":0.059001322751322756,"y":0.8835978835978836,"sound":"92.mp3"},{"x":0.05765476190476191,"y":0.908994708994709,"sound":"93.mp3"}],"backgroundSize":{"width":1485.2652259332024,"height":945}}