{"background":"34.webp","icons":[{"x":0.013219959728219873,"y":0.010619007478445906,"sound":"1","width":0.09085449735449735,"height":0.07195767195767196,"icon_type":5,"icon_opacity":0.1}],"backgroundSize":{"width":1485.2652259332024,"height":945}}