{"background":"4.webp","icons":[{"x":0.8514523809523811,"y":0.880726581153291,"sound":"10.mp3"},{"x":0.8507791005291006,"y":0.9410912197967408,"sound":"11.mp3"},{"x":0.8501058201058201,"y":0.8356278879949658,"sound":"09.mp3"}],"backgroundSize":{"width":1485.2652259332024,"height":945}}