{"background":"5.webp","icons":[{"x":0.04014947089947091,"y":0.8286954854798392,"sound":"12.mp3"},{"x":0.042169312169312176,"y":0.9214763179553757,"sound":"14.mp3"},{"x":0.039476190476190484,"y":0.8732738777914665,"sound":"13.mp3"}],"backgroundSize":{"width":1485.2652259332024,"height":945}}