{"background":"6.webp","icons":[{"x":0.8477440476190475,"y":0.9422490379770501,"sound":"17.mp3"},{"x":0.8490892857142857,"y":0.8433469488806349,"sound":"15.mp3"},{"x":0.8484166666666666,"y":0.8914428325621325,"sound":"16.mp3"}],"backgroundSize":{"width":1486.725663716814,"height":945}}