{"background":"7.webp","icons":[{"x":0.34358796296296296,"y":0.870899470899471,"sound":"19.mp3"},{"x":0.3456018518518519,"y":0.8292873242390345,"sound":"18.mp3"},{"x":0.34425925925925926,"y":0.9248677248677248,"sound":"20.mp3"}],"backgroundSize":{"width":1489.6551724137933,"height":945}}