{"background":"8.webp","icons":[{"x":0.8659503968253969,"y":0.7492063492063492,"sound":"22.mp3"},{"x":0.8672982804232805,"y":0.8031746031746032,"sound":"23.mp3"},{"x":0.8679722222222223,"y":0.7026455026455026,"sound":"21.mp3"}],"backgroundSize":{"width":1483.8076545632973,"height":945}}