{"background":"9.webp","icons":[{"x":0.8423630952380952,"y":0.9407407407407408,"sound":"26.mp3"},{"x":0.8437083333333333,"y":0.8412698412698413,"sound":"24.mp3"},{"x":0.8430357142857142,"y":0.8878306878306879,"sound":"25.mp3"}],"backgroundSize":{"width":1486.725663716814,"height":945}}