{"background":"53.webp","icons":[{"x":0.016683862433862467,"y":0.12486772486772486,"sound":"T50k97.mp3","width":0.2433726501720801,"height":0.02708422630849887,"icon_type":"1","icon_opacity":0.1},{"x":0.22371296296296297,"y":0.8465608465608465,"sound":"T50k98.mp3","width":0.2433726501720801,"height":0.02708422630849887,"icon_type":"1","icon_opacity":0.1},{"x":0.4910634920634921,"y":0.8613756613756614,"sound":"T50k99.mp3","width":0.2433726501720801,"height":0.02708422630849887,"icon_type":"1","icon_opacity":0.1},{"x":0.0017915692643599842,"y":0.04024863710807554,"sound":"2","width":0.09085449735449735,"height":0.07195767195767196,"icon_type":5,"icon_opacity":0.1}],"backgroundSize":{"width":1342.8063943161635,"height":945}}